frame_idx,marker_id,range_m,trans_err_m,rot_err_deg
32,201,0.7315351002377934,0.0063256610701861015,1.7582691643764379
32,301,0.7200954186008904,0.01070229580664677,5.254271813356195
32,302,0.7307780355584339,0.017741819591366448,13.124574616812922
32,304,0.7444882200019122,0.002804393849864892,6.411864501127294
32,303,0.7371025551441538,0.0016309240794953686,28.070060359954514
32,305,0.7607788238262815,0.0072882694326530904,2.7816171540613137
32,401,0.7636613794747124,0.0035246666455739637,41.562242344987794
32,402,0.7713470202719347,0.01017638459194141,43.914271277283774
33,202,0.7866701511819028,0.01057657533022251,6.222527352938651
33,201,0.7577185066656462,0.01527092333549682,2.8044230838644624
33,301,0.7277472598259107,0.00984147326325746,4.203721431430959
33,302,0.731063108070906,0.02218572062913814,12.024460557709574
33,304,0.747471645852576,0.005033271865195042,2.6260428176934307
33,303,0.7458990802204643,0.010836578443680911,6.472796123731044
33,305,0.7699997918723059,0.009092046382052342,42.61396891421582
33,402,0.7723998776748656,0.015887153591759694,42.44058908279395
33,401,0.7676334697648779,0.0055268268623709675,7.170444260670238
34,202,0.8259308680565852,0.052305203014190525,13.312630117526947
34,201,0.697867826947786,0.03313047960861458,10.547197108836055
34,301,0.7181052222002425,0.008817726283347493,5.914273689565335
34,302,0.7363168073690121,0.023044334007324703,9.9958019453087
34,304,0.7276788034433034,0.028597614018648677,12.873489254870837
34,303,0.718438584193669,0.0182286636791328,30.65763212180202
34,305,0.731444296478602,0.004833804019641135,17.238923633044315
34,401,0.7316323041565882,0.005223170508622473,36.655344583317934
35,202,0.8112742765453371,0.026939928061149827,9.127756069946722
35,201,0.7346407701872122,0.01291505966623392,3.509167386554823
35,301,0.7292325528917964,0.0064932353064075755,5.904509011097698
35,302,0.737895284646353,0.010779923477225999,16.483683861873626
35,304,0.7444597791529851,0.00244480954516141,3.2711120826244087
35,303,0.7395449845978058,0.006201664047758688,1.7911574460632707
35,305,0.7597969684921165,0.012263998400560586,11.13365386341097
35,402,0.7666260203614857,0.006228030884424821,33.93907311624236
35,401,0.7591303137856691,0.0212197125279636,10.875856791512597
36,202,0.7869282180500574,0.0024163867231478094,8.806107258788597
36,201,0.7463006505321753,0.004636128846048534,3.0472090413057913
36,301,0.7210333813826041,0.011512343527234108,13.842589949146157
36,302,0.7248363324578592,0.01643795963729528,21.134307102265076
36,303,0.7364056132612433,0.009110515444226624,8.500568878990995
36,304,0.7381710857494191,0.002887475751059673,28.46281567643181
36,305,0.7595694151796315,0.013189219498026707,3.843298716978312
36,401,0.7559887975340012,0.0017484798066486212,41.303990905447385
36,402,0.762527339230591,0.018249977975079434,8.965042566342802
37,202,0.7908398789087905,0.018124861737595404,7.478671016950956
37,201,0.734968042153357,0.000974505443866487,0.7680160990667743
37,301,0.7204754485441864,0.006887498412050387,5.926520662570404
37,302,0.7260829962408405,0.012874529104099107,13.488287016759497
37,304,0.7317959062527156,0.0016811213400121541,23.08704891893219
37,303,0.7292752589705686,0.002239576796207947,21.466366090045607
37,305,0.7476367752216316,0.009986056308116716,1.0038502442902664
37,402,0.7513288194454181,0.016097373091666797,25.489332946064767
37,401,0.7445107676621608,0.007609790587118694,31.766849830590797
38,202,0.7910536202478611,0.0050451392691353205,7.748115048782952
38,201,0.759378735863805,0.011704145501416411,1.4120145479916357
38,301,0.7319688277297894,0.007739624055396135,4.13257117529307
38,302,0.7346343724962547,0.013729443658025822,13.733865132433547
38,304,0.7432720144323596,0.0017627692145073522,2.799599397291083
38,303,0.7431153165709695,0.004402180800110915,1.4210966510104124
38,305,0.7623476556808436,0.01566164881579611,1.6064513741038946
38,402,0.761364719459024,0.00300703123587897,37.74832930645259
38,401,0.7579114001956948,0.004591012643154231,7.049675150724924
39,202,0.8104263956294736,0.029622142458815462,10.069846736114618
39,201,0.7438164566478859,0.005199112907349996,2.912219797603723
39,301,0.7333167891339317,0.00873863372677378,5.355004886494939
39,302,0.7395960821455928,0.012041130351382334,15.818067210201203
39,304,0.742507883446227,0.0008116186008023,1.5930936787485326
39,303,0.7397941061089423,0.0013464877739189855,4.915425684785139
39,305,0.7570594117632196,0.0058350520124493006,1.9196800464714558
39,402,0.759164653762158,0.00976115045662296,29.83279229633754
39,401,0.7537556803792305,0.0064435204630945335,29.135831881440705
40,202,0.8014773602264157,0.014983617924402361,8.37959318299467
40,201,0.754841370483574,0.004136086191624629,0.694711794702069
40,301,0.7349591717615638,0.007972123832125307,6.524063542192383
40,302,0.739204972388525,0.010362719996449067,12.81906583338158
40,304,0.7449547759403592,0.0031451763400295123,22.00102796976094
40,303,0.7436893205704557,0.004536391535364389,1.7336365564255012
40,305,0.7620679357865102,0.011375269506038883,3.251184417432012
40,402,0.7624283333982756,0.005613043271882232,3.2579304522161334
40,401,0.757380157832007,0.0022517682951323113,31.209799665384843
41,202,0.8046101230613674,0.02812544129785159,8.699174589496373
41,201,0.7356494917477308,0.00612040029000457,3.285811353252671
41,301,0.7271482408119211,0.007881464387110383,8.182396840626273
41,302,0.7347079778393375,0.012140272331946774,12.82223592188562
41,304,0.7364419420111635,0.0010135387000834817,5.677472692246421
41,303,0.7327836970633063,0.0005382960848838032,18.824555218440715
41,305,0.7501263190043594,0.00715651864120415,0.4995139494236818
41,401,0.7470802108827185,0.006771019457372496,30.079851377622603
41,402,0.7535520986126677,0.009227901040863266,31.11365789677923
42,202,0.8108857236761213,0.041695304648954275,10.661839792028497
42,201,0.7140556614597285,0.01754101118905001,7.172504065970503
42,301,0.720344488417763,0.002239369963004699,6.3241577142741034
42,303,0.7222680845882472,0.004108986515562791,18.945484644779512
42,302,0.7317516987976006,0.008545377052998198,21.00698408331497
42,304,0.7283785885286018,0.012714552468926534,13.924076899644133
42,305,0.7368258419681415,0.0036539042453699678,1.199015533537643
42,401,0.7372694360730686,0.01151698280705808,25.170606850184285
42,402,0.7456085559002997,0.011060057162308724,37.4616574241501
43,202,0.7921486130286433,0.030256967515950355,8.815259822894102
43,201,0.7106242200155093,0.01912743820431203,4.317311520978647
43,301,0.7074065607412594,0.006111989407051598,5.323205025349796
43,302,0.71735552425563,0.00934962322500954,1.391519486151095
43,304,0.7223114283476417,0.0008378581865036069,5.500955377229735
43,305,0.7357387092375469,0.013241436200910773,20.833723898808397
43,303,0.7168916010874563,0.005685357542378052,1.8788710769254933
43,401,0.736785030722889,0.015870860718223224,9.964242263186438
43,402,0.7450566941397154,0.019928248225647788,29.158271018395062
44,201,0.7061573420599284,0.019218062725290273,4.483265548889561
44,202,0.7874387428663299,0.03477081665556723,7.222300071363668
44,301,0.7028825142636533,0.002615941471746768,5.839395702876755
44,302,0.7123840782781428,0.0027956659685253243,10.369147397294867
44,305,0.7357830719423618,0.013382431272741496,18.891900125698406
44,303,0.7154941929635626,0.009310751347419157,12.59366647068722
44,304,0.7204230747108776,0.0021007258337786385,5.554426708950696
44,402,0.7432498521290899,0.021429280599583253,12.435905008204532
45,201,0.7372314712287784,0.0030302575326326495,0.9300971149163721
45,202,0.775394584078591,0.008809618059591994,5.321308766099379
45,301,0.7084825095699002,0.008859152587640298,3.4265341907121876
45,302,0.7115699325120443,0.010069364257725312,5.905981285719773
45,303,0.729564536933965,0.0043790545156128105,1.3119443401822546
45,304,0.7313317108216238,0.0038926014853818175,6.0594212368176565
45,401,0.7534951256832902,0.015164622552517954,17.130239635295943
45,402,0.759127062229683,0.01973009103979652,34.21285693501558
46,201,0.734740866033431,0.0023158482333311974,1.0951430725319613
46,202,0.7735135864860414,0.007622202896124701,5.918843758128827
46,301,0.7076350451948057,0.009775010991183575,2.872430393673195
46,302,0.710373819324463,0.010898726720103826,21.03746290118276
46,304,0.7294885201914354,0.0016199348337926692,3.4320495158443025
46,303,0.7277109687124095,0.0028416902233308746,3.6882009368466426
46,305,0.7539141367526189,0.0035993570697738504,1.3257292883511727
46,401,0.7511946380392991,0.01643210918742655,7.722524724952536
46,402,0.7559197589423191,0.022289481508219782,39.27607573241758
47,201,0.7264299011889246,0.0022812089542704264,1.5286176331916437
47,202,0.7763873438981559,0.014433905207399718,5.567557707158526
47,301,0.7056927003964628,0.009358738036707098,5.715210973785788
47,302,0.7102780952687123,0.00777769506921789,10.048596367460668
47,303,0.7243432693798147,0.002021319951281084,1.2430490645577603
47,304,0.7272653533125274,0.0018217908308198428,2.5811009726981977
47,305,0.7492153325012025,0.009504680296754504,5.748654260399854
47,401,0.7479828916720128,0.013285156357293425,3.882323976979509
47,402,0.7538554710680926,0.01922015781693154,37.48795553414217
48,202,0.7669813474280136,0.005027037818196688,5.1340306212925935
48,201,0.7296919823298116,0.006583726320846077,2.342502912028808
48,301,0.7041957852109761,0.0073437922777419284,3.7199355030794203
48,302,0.7072331927987717,0.011689154207757648,6.77280296500428
48,303,0.7217503485114359,0.0012134261788276938,1.526144085711401
48,304,0.7234644782246731,0.0027423546711792036,3.8871947445099306
48,305,0.7456608196999354,0.0032706466427647064,4.287267621003305
48,401,0.7431515753381507,0.012699943093386403,6.450946760990989
48,402,0.7483968806684482,0.02457350819098848,12.50779845024765
49,202,0.7616156883738711,0.005805320733714712,7.17816945832797
49,201,0.7152360889107787,0.0027832927055057985,0.7854499558116746
49,301,0.6926718894668841,0.009281007445058864,6.531631323644932
49,302,0.6972035645064336,0.012846331462834107,10.670756149863983
49,304,0.71055949823618,0.0008975316335956376,2.3676320068209717
49,303,0.7081941641689483,0.002735987871784285,2.423823168088107
49,305,0.7313057960915753,0.005317619583377283,4.674564216860745
49,401,0.7294147577315543,0.011657369910013995,3.1287625190183537
49,402,0.7345039116542272,0.013812168359197753,40.281884852298376
50,201,0.7000844867314875,0.006943762500207732,4.481614319736153
50,202,0.7396780713689289,0.0030383886343132026,8.551631219274322
50,301,0.6731171293491279,0.010944954843536825,10.744963300068013
50,302,0.6769076643984411,0.02054207618734457,4.826206214663116
50,304,0.6887652721736037,0.0025439994638596594,3.297376924759681
50,303,0.6870567963849868,0.0018504235299896638,12.027003697953392
50,305,0.7086356965507582,0.01651114926584303,3.609098424197194
50,401,0.7064376558601113,0.006557205379504022,5.141424783832115
50,402,0.7125440666298014,0.006970753257162872,6.472370430638841
51,201,0.6932072826528094,0.005429120981751662,5.6387838667121555
51,202,0.7382068629378032,0.005097262333767155,9.29496779062574
51,301,0.6675455258769563,0.0127027344414337,7.115289842216773
51,304,0.6806137794354196,0.003363961677975672,28.19437082823276
51,302,0.671984012860164,0.02012283054622607,17.296742544385374
51,303,0.6791954539212217,0.00835458330168914,4.576608698294924
51,305,0.701492778146732,0.02224763601398741,5.381429067200837
51,401,0.6960797168947586,0.001689681006603818,3.8960716554057737
52,201,0.7117159156858249,0.023828726484163985,13.154551651350184
52,202,0.7134843911347291,0.023752681383841717,12.980717559085397
52,301,0.6608714362122741,0.011487214110523974,19.031495553271444
52,302,0.6602012955210987,0.01791831748007892,21.806107927053013
52,304,0.6744952399155244,0.01785290636764108,18.22413282615279
52,303,0.6767383412100825,0.014909365296904377,20.82802157948193
52,305,0.6504605750215698,0.02723765887861314,11.752588284793354
52,401,0.6510996251289842,0.023260634227516598,20.198163784384484
53,202,0.714737964758377,0.003745909333052139,8.357932943449292
53,201,0.6995432256187245,0.03007656429773369,14.592067535341156
53,301,0.6693543543163301,0.006802290641910712,10.950825273614536
53,302,0.6807857693379666,0.0030804982966491337,11.992400875374623
53,304,0.6492714146697257,0.009378538132393076,7.3825788315600915
53,303,0.6491982700526864,0.0053414999118643535,22.687188949453297
53,305,0.6425929841648943,0.020228645481554987,16.44362480621959
53,401,0.6445056269532359,0.030470438617125298,15.019902532357436
53,402,0.6481971827084158,0.03773678249140603,17.740348853390365
54,202,0.7131883208479894,0.003962662126833972,12.040675771445814
54,201,0.6929277446707278,0.025540604124112316,6.563612026166041
54,301,0.6507566151575941,0.009953815172508092,11.217686881701686
54,302,0.6510715324494951,0.021053095971563705,14.018867257231449
54,304,0.658331671706114,0.005480609167453091,21.317700916550663
54,303,0.6605191397591901,0.0132792461841905,8.359562077791795
54,305,0.6810493406430764,0.0279468360556041,5.146902031359714
54,401,0.6740413197028757,0.009327581393883686,7.935868788847121
54,402,0.6451494534218651,0.026568903235973204,22.42325977420551
55,202,0.7089333607952781,0.006094315291959633,12.850732190415247
55,201,0.6906937608650353,0.02853710598591393,6.625996576044922
55,301,0.6450657199579185,0.010496210016229792,9.925638160222892
55,302,0.6447184090222635,0.01654995264800687,10.354504984479513
55,304,0.6512573246856169,0.007516866322363313,5.4747076171966755
55,303,0.6540785327500689,0.010618672731275987,19.67826129332681
55,305,0.6372217939972188,0.009581197471986212,15.973981171880702
55,401,0.6378276768326929,0.016994092166129134,16.845881772911177
55,402,0.6397151111171411,0.028053967438033837,15.971267528545352
56,202,0.7384037288641168,0.05482201101304801,14.271723591006953
56,201,0.6067146337831378,0.04125898348388305,10.569243144967388
56,301,0.6235311585442327,0.01891095685754327,16.946205149541477
56,302,0.6429217602095809,0.012835320064222258,8.861371365561636
56,304,0.6314801690464894,0.01487971577072394,33.759270118702
56,303,0.62195086725027,0.00840955025899089,14.019332773721215
56,305,0.6360144155328682,0.015471567338268787,16.332333098970825
56,401,0.6396107889930962,0.02917868729968182,41.641942537203846
56,402,0.6525092301920365,0.03378684844126925,11.092003052257526
57,201,0.639923133477276,0.006983580611666422,0.8547733780012754
57,202,0.711364205294562,0.02143044646088737,7.204663708700736
57,301,0.6320672954479826,0.005551270566760491,5.079938357466356
57,303,0.6357068166933022,0.002483112920671303,4.055994719861303
57,302,0.6410671052605571,0.013648561071445646,19.343797391578946
57,305,0.6521354531317166,0.009696524965880516,1.25261301358932
57,304,0.6398128793837842,0.002205519779574048,7.7558042930332265
57,401,0.6507028204614149,0.004260451197506878,1.4756275054609516
57,402,0.6577823237386657,0.008233160979558684,4.197424320092819
58,201,0.650852711402345,0.01048682841123511,3.020381838424395
58,202,0.7008616231272209,0.002090238654052875,4.862281720460278
58,301,0.634444813432149,0.0017052165755991643,5.877170815482228
58,302,0.6414080930490977,0.010951298049836846,6.434795066405061
58,303,0.6383770732260206,0.00811160594121414,5.629521818553993
58,304,0.6411575094428642,0.002128789867863534,2.5670926085548897
58,305,0.6545817898000764,0.010847092919117167,1.4059444065700362
58,401,0.6505089709498064,0.00565052215486949,30.072950593213235
58,402,0.6550435259011474,0.016385122166615574,4.881430518983969
59,201,0.6745113926223321,0.031344050478233694,6.858254570239797
59,202,0.6925418869663588,0.024843239717561885,4.775517764928215
59,301,0.6447779930430216,0.0031800824411054376,9.685429067989554
59,303,0.6515933342773629,0.01764386404384222,23.969426744464236
59,305,0.6693727957508494,0.02425009110392042,31.35729179432711
59,302,0.6472703837571703,0.02095469122113636,6.573902465219917
59,304,0.6510467081344162,0.004871933360286181,9.313562050772482
59,401,0.662248862725756,0.004204910979057607,31.464344378435772
59,402,0.642387348047908,0.044713538328622765,17.548657116916896
60,201,0.6393810301799342,0.0034249054883669187,2.3975818944937344
60,301,0.6335651978792768,0.009243857734307536,7.201873562443462
60,302,0.6441706181056184,0.013457023683755133,5.094894305941672
60,303,0.6380754176084421,0.00334285505857776,5.386442310973659
60,304,0.646145065496102,0.0014908362528861078,10.17595036080879
60,305,0.6535943408164452,0.0096626232581925,0.8884137040387816
60,401,0.6571068391321083,0.002506679774286373,4.266356482056025
60,402,0.6649499826279284,0.010242759205494554,4.050639294423174
61,201,0.6443792854222942,0.002828441670518701,4.225097272964267
61,301,0.6469406867191683,0.0009413658292767119,3.31152909995253
61,302,0.6608547894392951,0.011858006468212313,33.31495297675211
61,304,0.6563659690715632,0.0021437085140717624,11.94526420415524
61,303,0.6467120904962078,0.0016854762897779638,8.518111146377473
61,305,0.657662329509399,0.0025194808190393005,4.740436301594371
61,402,0.6710861350172486,0.01836933502035565,7.6570777870871325
61,401,0.6640053519942073,0.00821429444283198,7.39566287688748
62,201,0.6459197226814398,0.009768401315017943,4.278128152125045
62,301,0.6529428405375438,0.00320580450533488,0.6021032939823024
62,302,0.6714372386926479,0.009940825851290726,14.42578523460107
62,304,0.6654535416380948,0.002296809140710593,6.0535128169372365
62,303,0.6544567585462976,0.0013846937905701395,7.4630624122420315
62,305,0.6684518523303373,0.006613236792507748,3.0642621640211605
62,402,0.686110409970233,0.006907495834460713,8.640260694671637
62,401,0.6752091561475376,0.002891932762943521,7.475962880650943
63,201,0.6478779554882235,0.00970997649348812,5.49987209819216
63,301,0.6552798773794006,0.001621783083510489,0.5368948115762157
63,302,0.6742155983468802,0.0022967215869152268,3.8623145554855967
63,304,0.6695373833221352,0.002046443636911931,10.80673942218294
63,303,0.6579234984502258,0.0013225447937263806,21.637137673225766
63,305,0.6728939548687921,0.0055959439306255306,4.118198692019923
63,402,0.6920754938844966,0.005035315956284608,39.72599567597177
63,401,0.6803757747094125,0.004862528903458869,8.81040511390115
64,202,0.7379546005099383,0.01389076668501479,8.173094566737644
64,201,0.6652966947132214,0.003415899555298073,1.037062454206157
64,301,0.6537276386572197,0.0056658857228357624,5.74836259237629
64,302,0.6627827439170292,0.017978628875661186,16.23660858187434
64,303,0.6631706551788686,0.0029394093590301186,2.725749684059309
64,304,0.6685033461462323,0.0026081683164632828,25.017202789119683
64,305,0.683486334761422,0.009520080754790397,0.955546408509872
64,401,0.683285947413491,0.0069955939735510935,35.453023259168106
64,402,0.6916646414158413,0.012453897969872455,38.464280903321935
65,201,0.6614982816950837,0.002419105633209245,1.7969629354762737
65,202,0.7427421379281904,0.01698385960797538,7.880840119764081
65,301,0.6558549677110297,0.004520223983423727,5.568936544299196
65,302,0.6665427878732906,0.019060149616034187,11.650723228176775
65,304,0.6704296509750504,0.003382817139984504,1.1842163362425817
65,303,0.6640853538976784,0.0011286188957971156,3.459117384980761
65,305,0.6835410771256963,0.004536629327082153,5.0586843007226845
65,401,0.684995135285494,0.008609581676901231,7.552387828728231
65,402,0.6930862204062426,0.01649629665084571,6.33464391614768
66,201,0.6758014418513166,0.012437119480623475,2.5767502429544944
66,202,0.7325614729789176,0.002825881336754022,6.930877391992077
66,301,0.6573521826121104,0.007743157871670266,5.896602693548221
66,302,0.664593217899712,0.016308112846545122,11.735778874317882
66,304,0.6726892519183068,0.0016931112186827516,3.3933180180355045
66,303,0.6684500799076968,0.0069802998589329045,4.624974638977009
66,305,0.6893137709715152,0.015604012401652765,2.175598344709835
66,401,0.688761895675571,0.008904377709085396,4.010423571872022
66,402,0.6957992567568322,0.010838467492027496,6.376788094779829
67,201,0.6614706821949525,0.003862840140207054,1.9860986442425648
67,301,0.6571111116298481,0.0037168006137836395,4.154094396797262
67,302,0.6703287430697766,0.014480923754577827,13.920271711461334
67,303,0.6631778972986346,0.0010962147585255656,5.450710489570011
67,304,0.6722657761638617,0.001433233494088216,8.510373360837113
67,305,0.6791141759658295,0.0041978918543348525,2.1245014834690115
67,401,0.6838479412285435,0.005791681071321219,6.759016656678189
67,402,0.6921036616552166,0.015122015052533374,7.158154396161576
68,201,0.6657046729112838,0.010915879247397465,1.3759720925853594
68,301,0.6543975649831453,0.00671686225938991,6.885501489668726
68,302,0.6659176394388057,0.026179490308353825,7.958972364326339
68,304,0.6688732028737606,0.009036577237167815,4.135980009430599
68,303,0.6614099872033529,0.0018427746405491198,4.478647270177537
68,305,0.677304865029728,0.0059095871596692275,1.1679453951818894
68,402,0.6864161060545309,0.02320693642426834,4.949627632772958
68,401,0.6803172822221153,0.01003648574333544,34.72556480799498
69,201,0.6671647775872305,0.01703876023063758,5.134497832751602
69,301,0.6587530659196151,0.0012705710270874077,7.168357153249432
69,302,0.6715123599861615,0.016225850352647703,12.441585538352248
69,304,0.6647800275374844,0.006767533034175307,6.177517596923317
69,303,0.6584568766177223,0.003648271290152917,8.038895917408544
69,305,0.6630728846978048,0.011448891766191073,4.03443507705042
69,402,0.6687510479376055,0.04053461562118377,27.243878989590968
69,401,0.6697000093498757,0.022729478502035466,7.386179484691271
70,201,0.6807622481744321,0.028555849642031946,9.334038152460632
70,301,0.6680506664765101,0.0014420195467311706,10.026746815554176
70,302,0.6882151221190348,0.01180021594745879,2.2456521824727003
70,304,0.6673537494899159,0.015681102064389458,5.9932872368951315
70,303,0.6613605693953387,0.008273370715103387,10.699214972478629
70,305,0.6584039635740365,0.030654644013018515,4.063053141127778
70,402,0.6768400793871185,0.04888498642760528,12.342815440944566
70,401,0.6690013519858267,0.029873799843721696,15.09401913671401
71,201,0.676968486563586,0.0194331510883576,14.461036098437265
71,301,0.6764209498694884,0.001351948867409855,3.657367049952928
71,302,0.7083790225159338,0.005243971455685753,5.97503971681078
71,304,0.6741448496643254,0.021207331391049446,23.655199920218084
71,303,0.6613011438294029,0.015545218035788589,21.290137893937093
71,305,0.6596497516891919,0.031899865847330865,12.182373075192507
72,201,0.6993975768954138,0.03194071964253033,19.753783233092538
72,301,0.6568456957478714,0.027265209117834303,14.904238141364527
72,304,0.6835979390260262,0.022124864405559098,13.372394201065038
72,303,0.665383814749417,0.02135473959241735,2.8073488159579534
72,305,0.6606426240876265,0.022590282657260864,21.863492180585844
73,201,0.6675795819670858,0.005679659628426872,4.444363811934001
73,303,0.6664450770760716,0.004030029256264958,9.388059121927801
73,305,0.6755025357653422,0.002456710330064064,24.359017024135248
74,201,0.665945365812952,0.010576341710571717,6.103845905893226
74,303,0.679748563076489,0.008820410314708163,23.56356014605125
74,305,0.6897742455626107,0.0020084570871004336,30.03886089301744
79,201,0.6570795450407328,0.01724935248369681,12.800177229124284
79,303,0.6930006501654111,0.012422719229887988,9.367022467812985
79,305,0.7030692481071197,0.009804205265945623,37.94721840622305
80,201,0.6593385246774051,0.022033256764426808,11.262441090390698
80,303,0.6965273678665631,0.011164398330187196,7.82709001053429
80,305,0.706590542992141,0.015083384639510648,40.72315090901849
81,201,0.6830685563480831,0.008415943046162222,6.097946386716996
81,303,0.70634453543643,0.012887783181254307,11.081556080796053
81,305,0.7142208230944245,0.0028646573178609737,32.759940435027644
82,201,0.7072308989018973,0.004535804833133697,5.036468552654362
82,301,0.6990409032400124,0.010357361700561785,21.928376704068015
82,303,0.710810664571872,0.004742029510534306,9.00395056749006
82,305,0.7334838827689508,0.009291870797343154,39.440729911970244
83,201,0.7099219601178535,0.0022724749590174263,3.5928009579909315
83,303,0.7190471608632082,0.002183256562701402,8.841546568561508
83,305,0.7328069696060489,0.012357188871271858,3.5365309483237812
84,201,0.725017809584469,0.0030241119949912746,2.788076118357899
84,303,0.7402553722625527,0.004996737244075713,3.4110904485326774
84,305,0.750011192858446,0.003561918892383592,31.29057989145857
85,201,0.7160703797539208,0.014761719859369252,6.695648364893777
85,303,0.7495789381911336,0.012747347274977453,4.4464418359425935
85,305,0.7655796563229184,0.011831808504386492,2.6781806111314816
86,201,0.7071954519760317,0.026536852085678325,12.508797714835367
86,301,0.7231109298452806,0.0019393511814851758,10.515906602408045
86,303,0.7368722972349177,0.0027510857785141203,7.929947223875777
86,305,0.7634349777374297,0.012640189555230595,44.53894304282092
86,401,0.7730876086164261,0.003056122398789613,6.698296239564862
87,201,0.7017971152425683,0.030518889345601655,14.574382469040701
87,301,0.7121242857185524,0.005739711004844392,3.6711619109533045
87,304,0.7443672192904593,0.013600775488260976,1.307990066079348
87,303,0.7310308457809273,0.003305002203411396,2.406314860945559
87,305,0.7569830575301731,0.004543059630301553,2.6441649924898996
87,402,0.7796976946614343,0.0046344844483265524,52.21895235556749
87,401,0.763641563494503,0.009197715789728727,44.042625497762685
88,201,0.7204337477466366,0.019470626599384856,8.326225961536034
88,301,0.7189612453271292,0.009008009001925133,3.1979341227449365
88,302,0.7343740421114292,0.004039047817131195,26.999001778936023
88,304,0.7428988578001171,0.002079162980185581,8.660916005374098
88,303,0.7346646673331738,0.0013155178255411719,3.3112024983829733
88,305,0.7583504385284693,0.010319492586473128,15.325228070520089
88,402,0.7720925775923828,0.009024281160337074,41.62377702732929
88,401,0.7623768172141013,0.006264386959197688,5.603861039929183
89,201,0.7333101569867524,0.019486212907460644,7.850500664227331
89,301,0.7327774265271363,0.004902563531416325,0.7140818596599839
89,302,0.7476434183837521,0.009327259368121364,19.456513938005717
89,304,0.7537810046576869,0.0008926900195719644,29.078949320030862
89,303,0.7467355637527469,0.004623104040126206,27.798264693465647
89,305,0.768838605092683,0.008302201691139386,8.616192134092957
89,402,0.7819193623833892,0.003960307684479815,41.49580118782107
89,401,0.7718608149797506,0.011001143359906538,8.83430926119465
90,201,0.7522509023622782,0.011229371474418924,4.453054210378127
90,301,0.7405207364835195,0.004316971370695559,5.563347962710676
90,302,0.7446417790226001,0.0023534289703696395,3.9258495973671197
90,304,0.7580872227743339,0.001338821465554486,5.598103544075087
90,303,0.7549273640697687,0.001831636198083534,3.4689759739108603
90,305,0.7773214992906978,0.004505163545110863,8.172301190131826
90,401,0.771771283260157,0.02074110334321419,23.177597845309734
91,201,0.7586544360068503,0.0034662014582154117,4.890923826840188
91,301,0.7432450119944484,0.005050078497394568,5.364297693500912
91,302,0.7478064449919253,0.0032828054286332706,5.041070118774959
91,304,0.7573954035499237,0.006065836567028187,27.095127266234208
91,303,0.7556146744266533,0.0030382603455133476,25.84148527498937
91,305,0.7743849891607291,0.007216981033779017,3.3512331896002414
91,402,0.7774591736450721,0.004688820102184408,9.312648914182331
91,401,0.7726421758633469,0.006345092626171123,2.407380912674803
92,201,0.7443834964215225,0.018490423644835843,9.82256898040562
92,301,0.7482807717378267,0.00379864614616904,1.4901182605407746
92,302,0.7658524408038743,0.014568918138852754,4.406992560439343
92,304,0.7653094674816163,0.004771108377407479,1.8483847363867645
92,303,0.756806092441143,0.007945301221005105,8.956805621330863
92,305,0.7749998735924273,0.002473875269702192,31.791091548658294
92,402,0.7909264910106804,0.008697676537274799,36.80367782627002
92,401,0.7791769386452375,0.0035254809693122703,31.628207350043954
93,201,0.7255541066110651,0.028308203143608573,12.906923811151303
93,301,0.7334975383885265,0.005416234519860911,10.738070421371294
93,302,0.7540592129266802,0.01296010768486253,18.6702299570534
93,304,0.7546133041150084,0.022817831301096027,33.44409376002436
93,303,0.7449446035995791,0.00412925818184946,8.926470377313072
93,305,0.7653957770135537,0.009863633058399938,36.239864601086005
93,402,0.783957998503577,0.01087769320598513,11.274505990726073
93,401,0.7706985895401596,0.017458043151970873,9.12434394101207
94,202,0.7828996334630902,0.026523726772267726,8.84389130282528
94,201,0.7262957887596616,0.005468191223941153,2.682654007267565
94,301,0.7105840730633683,0.005264069981620895,7.230196409709102
94,302,0.7155054071511332,0.00739533019509877,16.261091721262158
94,304,0.7231621651593698,0.0016698948958237428,7.597443490823658
94,303,0.7210469633034258,0.001440101889360573,2.6751021096891017
94,305,0.7402866887566949,0.002617393432582338,0.8834201193682815
94,402,0.7425525570443452,0.007328497080503942,35.95665991860951
94,401,0.737358495647559,0.005983897911604485,5.353940574653094
95,202,0.7569421758528729,0.000957824451230992,5.460915355139201
95,201,0.731067666924369,0.01021719388127776,1.5294967794975634
95,301,0.7044603245407308,0.004096571713272474,9.301076072267659
95,302,0.7064062827557552,0.008233504927204666,17.49335171989027
95,304,0.716668275628769,0.0014419119353872166,22.62874927428582
95,303,0.7167724334374264,0.001837196286128103,1.8708051179704406
95,305,0.7369421034088619,0.008019304474238334,2.233467932065927
95,401,0.7310356330761947,0.004820390098476836,7.582605097186868
96,202,0.7637165264549933,0.01381192719817241,8.004487921519466
96,201,0.71735661861151,0.0022694933347930687,0.7742353602628896
96,301,0.6949226842076358,0.008223901097262993,5.3256114521068145
96,302,0.6990687266679152,0.008547812919567816,5.786035349247665
96,304,0.70991292644823,0.001905954745465842,3.0389321147335946
96,303,0.7081664222483617,0.0012161065259383127,2.0552810993290493
96,305,0.7292121456376816,0.006374892177741023,0.9834278175254153
96,402,0.7317421632124804,0.008134843712026264,3.644531480655811
96,401,0.7262997251768921,0.003116154954814694,4.314250625878795
97,202,0.7590120317576265,0.006851690729821173,9.199153119842574
97,201,0.7189686551488417,0.0029262623887646474,1.2964187632718032
97,301,0.6921655954749114,0.010205869389795395,1.7286438612310737
97,302,0.6954062648400736,0.013823535017466726,19.00251556584741
97,304,0.7079926944600149,0.0037694125288017413,5.673469102623381
97,303,0.7069627647997264,0.002079467316161855,0.9549526018458927
97,305,0.7292423353011456,0.011265130767116435,1.2793603492377708
97,401,0.7256047701857853,0.0012290393307122227,2.855498527214686
97,402,0.7311921633426587,0.01655608186639451,5.758215012448412
98,202,0.7595912346468214,0.008437857515065794,8.611731366055647
98,201,0.7193023071352752,0.004189354719573178,1.3728579616224925
98,301,0.6938310853023913,0.008532750216553975,8.425787536447894
98,302,0.6975355068115074,0.013022058904377866,13.346214205592217
98,304,0.7078493757507716,0.0023909574583938754,1.6278005063674013
98,303,0.7068595861374121,0.0033443543222271502,0.9308267529038472
98,305,0.72797177776069,0.01017883419540125,2.94396170983039
98,402,0.7293033854393207,0.0032518616239795178,4.395127483595631
98,401,0.7242065215617282,0.003423349804759722,2.3069401101640663
99,202,0.7684102213635234,0.01773108035267022,8.46178059538389
99,201,0.7205990094959314,0.004614424209467476,2.93397118218151
99,301,0.7020768294126286,0.0017081956789956737,9.726004957199825
99,302,0.7058408494073598,0.0020604765860887707,8.49807196028008
99,304,0.7114979222663563,0.003375625653667128,9.214733137616195
99,303,0.7104038255034636,0.004796587444165898,6.627617890911973
99,305,0.7282316705641615,0.008538553845031393,3.087319236075929
99,402,0.7275570188265768,0.012288578580696395,33.04338730426744
99,401,0.7232059275399351,0.00930533276852115,31.131626526640318
100,202,0.7722314857585406,0.015822911851479722,8.885982316204645
100,201,0.7256666947440764,0.0010599983266416381,1.5121990519155615
100,301,0.7034804145947631,0.0075161580996216445,6.006129849672221
100,302,0.7076968283915539,0.01132870569393867,12.961141076838548
100,304,0.7175086604987868,0.0024089232596646013,2.0898201816632844
100,303,0.7159860645778249,0.0011756091750393949,23.854519772314386
100,305,0.736932075935489,0.00783810220665131,1.7791220070009177
100,401,0.7333839151291061,0.003818899204196703,2.6424401667850463
100,402,0.7383843014866633,0.007629280629864174,37.336294791875076
101,202,0.7732752592156136,0.017557591981608053,8.517411180040408
101,201,0.7265822706221792,0.0009806190655213963,1.5364936851596986
101,301,0.7051375729915152,0.007141465941627544,7.117826053491062
101,302,0.7091488851630197,0.009584138038691981,13.276706592796366
101,304,0.7185528082130529,0.0008771244091656914,3.406981812233191
101,303,0.7171713328326629,0.0013121773555284917,1.8382975486919653
101,305,0.7373145369038686,0.006027413173251755,1.6217381795175998
101,402,0.7387074648797737,0.007747611875942421,36.692281538807784
101,401,0.7339174900575431,0.00653661269568239,3.2970887004477296
102,202,0.7690406293092232,0.012070039028701778,7.555737109900428
102,201,0.7295239630458714,0.003444946968102062,1.2172454050852466
102,301,0.7067083554832124,0.0052249233082426825,8.940226039095228
102,302,0.7101789772198394,0.009977362748573118,5.589211014322503
102,304,0.719194504375209,0.003956085892420862,5.01479352453033
102,303,0.7183796452364336,0.001677042189052286,0.6305615503050022
102,305,0.7378835100939733,0.007715065487822406,0.5824200390379863
102,402,0.7383424676025885,0.009122304888754913,4.057040605181151
102,401,0.7340195539439062,0.007279248994097928,2.6916140797859986
103,202,0.7638635115967984,0.0033011004620236784,6.698217721849529
103,201,0.7398361734260129,0.013884630961953385,1.543774895014328
103,301,0.7095424675193602,0.003971759450022413,4.8600368539099055
103,302,0.7107789162287699,0.009394869040279051,14.568723464269853
103,304,0.721486293061657,0.0015718717036656692,2.832578481086595
103,303,0.7221963705161447,0.00429397390047874,2.8653725084690995
103,305,0.7423375055731994,0.008182505252826384,2.6050432735033957
103,402,0.7402207664736024,0.008662021614330339,2.684064091857981
103,401,0.7368951348547806,0.0037229209325246905,34.851199643390274
104,201,0.7403442751003654,0.014818460292041346,5.2957076932781355
104,301,0.7165089031871115,0.0014558229993735909,12.962996179391384
104,302,0.7159183181423654,0.016548857526732,13.335372562843594
104,304,0.7224284081995078,0.012290508830457167,10.928657386594383
104,303,0.7233117838659421,0.0017736971851935414,5.932246487847969
104,305,0.7380730817656864,0.012848835742622319,8.44413224889165
104,402,0.7313946466548441,0.04153491115720187,29.58006298771805
104,401,0.7313350011487579,0.03019193050597554,25.142169106309424
105,201,0.7485565275434657,0.020607450657862462,7.372752676047906
105,301,0.7245402948025762,0.0009969346540434094,13.019567850542002
105,302,0.7177282054611306,0.020160364259804248,21.311197292895006
105,304,0.7250901923801628,0.008866099503278425,17.899917480947902
105,303,0.7269947717315303,0.005211058199375226,27.425173714528817
105,305,0.7203238589202162,0.03338690225726181,14.315316012123576
105,402,0.7327752226026787,0.06129081457322713,22.849741379132382
105,401,0.7294688375992211,0.04363154295218177,9.029973894300081
106,201,0.7573011311459265,0.03155825120009816,3.330472531354493
106,301,0.7146299632122548,0.009293745786657107,17.462478358184185
106,302,0.7081972549515132,0.03226721578110408,12.922019684364132
106,304,0.7217660948288096,0.023528119166485065,16.153505919160708
106,303,0.7241840629319986,0.009091234876051901,10.776111205946
106,305,0.7416750090246073,0.015949953697841683,1.6859407312650252
106,401,0.7302785908058702,0.02869771605766254,33.396494578617435
107,201,0.7403020107334405,0.010046907231836186,4.457326338666447
107,301,0.7181648283640834,0.009487425413859675,15.505077069000567
107,302,0.7230330617095543,0.021519053097801916,17.761919867717996
107,304,0.7352287564223211,0.0020711288586491043,12.953255746575032
107,303,0.733261464699046,0.001113923072745053,24.484472872576855
107,305,0.7547319136413264,0.002357673091858349,9.765654249016553
107,402,0.7546258093751463,0.026840519384733735,31.39597600438298
107,401,0.7521846508293687,0.003732823753175848,41.828056006402626
108,201,0.7303481780574416,0.005828733267575017,6.0980798328641015
108,301,0.7172028014922428,0.0056847836490420385,19.227583157484766
108,304,0.7374839161489792,0.005468638363276678,9.611662224388255
108,303,0.7319190471232926,0.0007951105516599124,9.858448295160894
108,305,0.7532101523366833,0.002250224711352601,3.852192666781285
108,401,0.7502312743495991,0.007466600057377633,29.014647868365845
109,201,0.7424357587526397,0.002056679919673761,5.9905876794831645
109,301,0.7178514305110355,0.008495975679711278,23.139999618186536
109,303,0.7363309469513626,0.005092621602079744,1.690531312133327
109,305,0.7577400110140071,0.017140427322561443,2.934209193378806
110,201,0.7319195977646235,0.010749331202893007,2.6402495132567187
110,303,0.7393142219674043,0.0015789161739410674,17.403084791745197
110,305,0.7537377404910082,0.0017828663238402189,3.9920494358973726
113,201,0.7043454253622508,0.026983784020674993,8.232835854099442
113,303,0.7310629958515832,0.018411065237809984,15.538044636490081
113,305,0.7472741982642727,0.013454400265074296,30.797581311116332
114,201,0.7054202311581809,0.02647314755468451,8.038192962997844
114,303,0.726583956959177,0.021137266713557125,13.193536184585856
114,305,0.7464019518178403,0.010950399208863664,4.39187414108602
115,201,0.7038409476778535,0.02300035076977788,7.880025911472763
115,303,0.7238109409773857,0.02215084075512338,10.676711916744804
115,305,0.7386434870543138,0.011902608760370605,2.1145033518465044
116,201,0.7081972868799143,0.017609859738708013,6.8020909383653745
116,303,0.7203435279478304,0.018996691379990823,11.618533784171413
116,305,0.7355655867883409,0.0049880149624336135,26.336086004242812
117,201,0.7061310048597731,0.02446361160557983,6.5895733357594795
117,303,0.7209538457799505,0.016891373287883153,10.763808234805836
117,305,0.7409790569681795,0.010415221926415532,2.7773061734936935
118,201,0.719197481655937,0.012584590721784035,3.9385799604104204
118,303,0.7224551325913964,0.009183293894700788,11.832209050768759
118,305,0.7419083169839464,0.0017509397325231309,11.206926984344591
134,201,0.7070283625090824,0.03262190571236734,17.48152604484598
134,303,0.7558919732910417,0.03477590707412327,13.831548225368689
134,305,0.7104163494467002,0.029724738203004513,19.16198918250031
135,201,0.6988495626424147,0.03321784303000309,19.28150180438268
135,301,0.7218687447027493,0.005913825075439538,4.882740729446052
135,304,0.7535527151831375,0.03138086141160268,14.5939208158062
135,303,0.7347538290030775,0.003291093542128156,5.344392145204589
135,305,0.7578651221828604,0.009724473616099539,3.151051386079203
135,401,0.7663445806031006,0.002735261019447457,46.46465699980013
136,201,0.699540724061852,0.023167946016860206,16.781213285558295
136,301,0.7117002814722118,0.010633912092401375,5.087028149619868
136,302,0.7392095496795634,0.0080987697620234,19.57627116925108
136,304,0.7370772623167073,0.0037012372960129125,35.352956941592346
136,303,0.7233318212310742,0.009304769268752058,2.9349151558286195
136,305,0.7470553784221278,0.013346305339630746,41.52175568144299
136,401,0.7546159195333184,0.032130770419167926,14.72371403488924
137,201,0.6867413695913552,0.030054168874294657,14.246881569665561
137,301,0.7045237502628723,0.007803561782067676,1.9149622216863957
137,302,0.7284619925707785,0.007232362460877993,20.376766482073418
137,304,0.7261477815207165,0.008226939649706657,1.8046515520562203
137,303,0.7127314859176554,0.002974628849755712,4.703810257982381
137,305,0.7334035973968708,0.0212307752064031,7.573116595662282
137,402,0.7570162320719416,0.004880330541039918,9.865752958676675
138,202,0.7857571040721346,0.03246047978016962,10.156515288060817
138,201,0.6913910200630938,0.02409538929229927,6.882850160498058
138,301,0.6932395962800195,0.009685296194362175,6.279678584485418
138,302,0.7044207306466868,0.020995182964447145,16.25900073917994
138,304,0.7065318832517735,0.005489912182861311,2.1488198977398207
138,303,0.7008213010517594,0.009945666512081019,1.715578042922952
138,305,0.7183381867046142,0.00799079562208888,31.84084347729491
139,202,0.7731687437406026,0.020143876499299013,9.559266082301498
139,201,0.7147073774412249,0.004680739368865801,2.5843726592690337
139,301,0.6973070960426037,0.011168779201229035,4.730363799191161
139,302,0.702460455673088,0.020898312331844034,16.746262547541555
139,304,0.7107770079547827,0.0007744241899731491,2.9519719033053726
139,303,0.7082699405105046,0.0007171135982674144,1.4793656729562772
139,305,0.7285538959193419,0.009885288857462027,0.5848430964919272
139,401,0.7258313292668249,0.0038961473418365807,35.53796035219028
139,402,0.7324141846071764,0.004854470861571155,6.865663089002576
140,202,0.7710579941767502,0.02467121664210824,8.536784302882012
140,201,0.7140184090976617,0.009844290518260362,2.3261248582280736
140,301,0.6983525508245547,0.009690548042200096,7.194880961389546
140,302,0.703710386183742,0.010293485156462305,16.176929944517266
140,304,0.7094384850779746,0.00269254648641382,21.235445891466828
140,303,0.7076775450965387,0.002477868700400794,21.92553741920981
140,305,0.7270606463021176,0.006903726925227931,1.3432665298035862
140,401,0.7216418053597056,0.004772318881319377,6.127289202922189
141,202,0.7662812280967933,0.019483270077909075,7.9777168647168155
141,201,0.726131904902721,0.0030889707775614917,0.5619789923801886
141,301,0.7024572442268376,0.009634758526969068,6.731421810603922
141,302,0.7053791556089687,0.007472072886715943,15.1792474442167
141,304,0.7126127473096939,0.004262963027695912,24.273280178858748
141,303,0.7125452162106151,0.004607368891012152,3.477971718347923
141,305,0.7312942386427642,0.009852196407264119,0.6813348694054402
141,401,0.7263903207745134,0.0011118997273704351,4.557809116486445
141,402,0.7304584277949252,0.0028854568362493113,6.349669340582407
142,202,0.7602670973608635,0.011441289426566007,7.621573033692169
142,201,0.7324058414266655,0.0035232706765572414,1.3489475434706755
142,301,0.7028446182893491,0.01033434745703398,8.100175865694567
142,302,0.7047213630758479,0.012095183216416469,11.13424826706735
142,304,0.7132021179643635,0.003099679424753432,2.9746350057329005
142,303,0.7140614126842649,0.007628875093084059,26.444907468025157
142,305,0.733664116937021,0.014291048141270458,0.9605697692459912
142,402,0.7311103720428029,0.004104461234087732,3.1321959447932497
142,401,0.7279507547943617,0.002646424331100034,33.447465119820464
143,202,0.7657163235851636,0.01743317405919983,7.721211740610531
143,201,0.7305499409865681,0.0025149087577015093,1.459101472445976
143,301,0.7062077592623401,0.005561018465961467,5.167986319543101
143,302,0.7079846024736286,0.009123991979760812,7.346460873868863
143,304,0.7138547885248716,0.001735441549208063,3.7501121902133474
143,303,0.7145286576024822,0.002537963963917321,1.1316884983950013
143,305,0.7318228429188969,0.012184218387019467,2.3477751635584583
143,401,0.7260369491994217,0.003532284174073225,30.214097588286528
143,402,0.7289978359164967,0.009605217977398708,30.15460510298846
144,202,0.7661054718838998,0.011393245758973646,7.301903944197466
144,201,0.7410908823281586,0.006149537935256859,0.754148726916332
144,301,0.7111556811064431,0.00649898448665436,4.231033265109598
144,302,0.7126188067161782,0.0071867377039092715,15.911141254342311
144,304,0.7202134184829457,0.0033788727343167764,4.694500827605399
144,303,0.721527668233537,0.003298937215934433,2.8337696316969363
144,305,0.7403864280346297,0.013666940166684276,1.1936240848829893
144,402,0.7367301210789118,0.0028498696794781184,35.48999767935939
144,401,0.7341323259644722,0.003919984288692487,2.0727329076718535
145,202,0.7814708364205318,0.02413266645632963,9.303694351478905
145,201,0.7340766173952518,0.0036728720239173514,1.6121385112627329
145,301,0.7147548110194499,0.00709009402470637,5.334858381352426
145,302,0.7183892739841901,0.006524407762168482,18.721117343638237
145,304,0.7232438765803066,0.0014889406341438386,1.8187632509623473
145,303,0.722907573507573,0.0015717266465210275,1.956818430671041
145,305,0.7406667353085034,0.009817437208237871,0.6909379356500337
145,402,0.7392821363442166,0.009054638682073853,29.06802160675047
145,401,0.7352455355295346,0.00384516313503585,2.662021328662949
146,202,0.7973196898115914,0.02974944310198961,8.856401971228456
146,201,0.7411322479718078,0.007717514959377296,2.536360636030839
146,301,0.726903657881504,0.008699652007369543,4.613341810452892
146,302,0.7316805021622959,0.006671528787803182,17.0994620062142
146,304,0.7353620173778701,0.0024846155533538544,3.7015374943067303
146,303,0.7339273936458212,0.0005963633251308205,2.833826062193141
146,305,0.7507625419241825,0.005176295174393618,0.4225032117751173
146,402,0.7512333722880943,0.006393456500147738,32.097764437734284
146,401,0.7466024854703339,0.006086961065117413,3.1917051861655006
147,202,0.8048272811957867,0.01947620517282266,6.474613522389135
147,201,0.7641474383713447,0.0017466707520353525,2.054990014583414
147,301,0.745428459105128,0.006017777715676964,6.776674268067763
147,302,0.7484361438818122,0.005999738962817722,11.16614545457825
147,303,0.7522261835326441,0.00554954793197142,21.032400126541635
147,304,0.7524465425309287,0.002483290500259003,5.435781633527878
147,305,0.7687703526008606,0.00940060278134559,0.7623356068777368
147,401,0.7629382654822783,0.008574497464744688,26.430256995767653
147,402,0.7663562116056116,0.009003760913437409,29.389571112370827
148,202,0.8248789265385204,0.02257650689074965,6.918274560121455
148,201,0.7745469567782394,0.0020097599469438877,2.617297590586354
148,301,0.7614023323453447,0.00578700232723217,5.749226348816155
148,302,0.7655701448928652,0.006149515301659422,13.149126788832469
148,304,0.7686341448335828,0.00556589560673916,24.085033974076634
148,303,0.7672617149597465,0.0011189957783403507,4.113634238267446
148,305,0.7829507054886704,0.007256509806596357,1.7131094784337693
148,402,0.7822388768504277,0.011067858028407282,29.574525616981532
148,401,0.7784651485340354,0.010275043990953726,1.6415622862980768
149,202,0.8302321650387907,0.005312409338366921,5.7358549357486845
149,201,0.8058685485582674,0.012445040602616515,0.6399060080704335
149,301,0.7791991161890461,0.006799306548756863,8.780105145826603
149,302,0.7810872160644038,0.009564412275849015,14.640019237746044
149,304,0.7885932666366164,0.002943195584878744,2.659250744312232
149,303,0.7891829065123176,0.006456973307186831,5.516905164658309
149,305,0.8067914600579196,0.011348357697444406,31.357672627144407
149,402,0.8040941322941846,0.009497545318344507,32.903229291789025
149,401,0.8013619991147771,0.0031268592130061783,3.259036896600962
150,202,0.8727631814875064,0.03017503354489176,8.908899540997167
150,201,0.8128685954908199,0.003121067865339706,5.178060873363525
150,301,0.8058422739212077,0.0006119330675600985,8.839091421890833
150,302,0.8101886255167989,0.003896519608505302,12.509234024539131
150,304,0.8115034922170006,0.0013505106529367989,5.68870107821737
150,303,0.8099870050809038,0.0011891960570773593,6.413180563336277
150,305,0.8234909555115314,0.0021258441144367045,2.8625362453907206
150,401,0.8192910295058319,0.005314020714210114,25.398706953879127
150,402,0.8200731333077625,0.020250442226905762,25.126161399929956
151,202,0.9071749432751811,0.034821436852886765,10.29239043307096
151,201,0.837461396261078,0.009203876222385271,5.929003931620861
151,301,0.8348234295892907,0.0043483638592453355,6.247176207970694
151,302,0.8411803548507147,0.00930645351330687,9.723153289954663
151,304,0.842028611276467,0.0015218135209277923,19.07635665270952
151,305,0.8532270906803738,0.00506048947067095,2.221604169207322
151,303,0.8390647122659508,0.0026346241957933693,8.406850406355305
151,402,0.8556185482891278,0.002864487473328101,28.254977818097146
151,401,0.8501086097698324,0.007909988236962595,20.015322781310662
152,202,0.9413490189977597,0.044757400565475544,9.549822744845706
152,201,0.8517030863576545,0.025517320758694752,7.97701595645597
152,301,0.8568124446249098,0.007830778043731784,6.36298025811733
152,302,0.867118830550667,0.01000516242062045,17.984929278544858
152,304,0.8682794107377065,0.0024435864154877984,25.65327669312819
152,303,0.8626523721090965,0.009617085319352243,5.8194044123113144
152,305,0.8778976014010201,0.006944763337635744,4.380809579569018
152,401,0.8786011387368066,0.017554445973482453,18.639655677128392
152,402,0.8865535084977205,0.02363256646389084,29.095868981958695
153,202,0.9750817062107634,0.057725797977582385,7.97199238993133
153,201,0.8632506072280896,0.04337202086044167,10.904676580379245
153,301,0.8791347787090462,0.007845188759131783,21.34046585283541
153,302,0.8918557483693198,0.012285430901623212,26.7679225295412
153,303,0.8852545634461034,0.019213998833163243,22.161211618677484
153,305,0.9007331263207409,0.022087432098363516,30.918856239835797
153,304,0.8928202070185944,0.010674333131757559,3.0016448910847795
153,401,0.9014190971291334,0.011387650651426646,37.548586672249364
154,201,0.926758111530048,0.017230835695442627,2.8229586675124025
154,202,0.9831616982259227,0.0250687122260565,4.955452953346185
154,301,0.9209978315182736,0.011760727384560632,5.180319654012095
154,303,0.9302285907593346,0.0015280947199772107,6.20578984935894
154,305,0.9470784894732162,0.002026732245061722,7.418246616054584
154,304,0.9335112024925649,0.00069326612062114,5.5806900808543745
154,302,0.9270931601379441,0.004067008306121395,17.912301079744033
154,401,0.9453923921910637,0.015622789259657032,4.629314408210321
154,402,0.9510412804335872,0.006848642749542631,11.320436040679708
155,201,0.9531209305756828,0.015425928600430341,4.901175398817659
155,202,1.0178825219815966,0.033966807683650645,5.0578604939465395
155,301,0.9507529998211529,0.006987371111198708,3.708127914347653
155,304,0.9628182839783009,0.0011514926450857251,22.454460495959395
155,305,0.9736655361458367,0.0014883410757073879,31.991705295611
155,303,0.9587474684133231,0.006240984389506803,19.22707556970061
155,302,0.9581676585002326,0.004730627182001883,14.122506461961922
155,401,0.9735145198499492,0.0035141237950962914,27.020062019823577
155,402,0.979315740635618,0.014863560918965896,31.540694424000776
156,201,0.9972145173784244,0.011290135524067702,3.9591967643850103
156,202,1.0482089988622003,0.025315387259213968,3.2423202397417548
156,301,0.9928013970292235,0.005962460297236574,2.2331905053003975
156,305,1.0141075916988884,0.0018876870644601482,7.142517179563537
156,302,0.9984700401494045,0.004248298734638763,11.513616010712713
156,304,1.0034329360691434,0.0013515762305993367,20.87298145870039
156,303,1.0002816288371745,0.0016448623253555441,21.1685971633517
156,402,1.0183794836955808,0.01252318214799319,14.287846834379192
156,401,1.0135751641981459,0.0013442464959899814,26.00846643551728
157,201,1.0339574349797997,0.00566572201159039,3.7246554696816245
157,202,1.0570415986632675,0.0009645043901123259,2.5987751315930607
157,301,1.0211411685688334,0.0028590511056947243,13.825396330943319
157,305,1.0449277786992186,0.01842208582864563,20.290549344108555
157,302,1.021684427736695,0.023029538771664155,23.365941985578473
157,303,1.0299547123263548,0.022239821413449674,22.84088763317843
157,304,1.02963864102695,0.01047840055805377,21.14943226950825
157,401,1.0382062649375274,0.0017525266654010798,17.565988043401
158,201,1.0510837118944505,0.005757711031427682,5.482698767741795
158,202,1.0596917679402014,0.015402618241945108,7.96435181865543
158,301,1.030786061591969,0.015323563571642718,8.616085904833508
158,305,1.0258199836888837,0.004153224365782695,10.704707700775128
158,302,1.0281283964904548,0.005386315953133103,16.918562058593032
158,304,1.0396935056229009,0.01359863854773736,15.8246177836318
158,303,1.0413024049034418,0.013990460632373638,20.127261824887388
159,201,1.0151285562453045,0.03787861369574538,6.287271365722967
159,202,1.1043624689688996,0.04036892975136607,8.471014968783724
159,301,1.0303506906164293,0.015330930802548376,10.525108681303507
159,302,1.0405148370460855,0.014843192437838115,12.219670914814255
159,304,1.0371997047886354,0.01189209044601787,25.07798696565691
159,303,1.0334928437422402,0.008359755993647975,17.284532196445117
159,305,1.0460925575780375,0.0011447114888733137,18.353883470388322
159,401,1.0409456736148177,0.012985965488207645,23.92141453906904
160,201,1.0647239696447106,0.005350311600952898,7.2916243473254
160,202,1.0834278929751764,0.005892093071495575,10.099215153894834
160,301,1.0396859649233887,0.0070939392741890305,19.469114846099078
160,302,1.0389472014334522,0.020650491260900475,19.500911325840807
160,305,1.0673036388644055,0.05330210247224763,21.996957986464018
160,304,1.048443117124047,0.035748275881994404,20.28694986497269
160,303,1.0493862524477346,0.03514879928723426,19.177551348676854
160,401,1.0339373516506254,0.019874573653083268,20.123148596725162
161,201,1.0225416539306686,0.03282258143676337,5.851925627357004
161,202,1.105275780206332,0.04371736452509733,8.732613010710525
161,301,1.0375671709393928,0.012743411897392745,8.136631781108376
161,302,1.04740473962886,0.036547074201827866,16.801510890320372
161,303,1.0368616191118312,0.03573788526682361,21.009056443445182
161,305,1.045666720645244,0.04735370743085117,24.211149247025574
161,304,1.039473362635946,0.011084406380365387,18.75176726438085
161,401,1.0423333386444573,0.02888074722251226,16.915106804189442
161,402,1.045073230367791,0.013141231021934244,29.36049449491196
162,201,1.0279372554524293,0.027378393021142665,8.406234323768295
162,202,1.1002511935818768,0.03595891239294129,6.264045299151531
162,301,1.0417835359740109,0.008088756116132525,4.194429899412909
162,304,1.0365291841951139,0.02237943601879471,13.839503344085905
162,302,1.0549391940567485,0.013562362374274318,14.848178634797067
162,303,1.0327814937638313,0.003543000485378442,14.058886758487706
162,305,1.0333918663779333,0.009221381503213532,15.135519655043126
162,401,1.0345473154668459,0.003031111250797653,28.473482284926362
162,402,1.0389825023354535,0.014442516674784514,25.69917954830707
163,202,1.0065338907212755,0.0590648928046628,14.559756552600769
163,201,0.994501487839356,0.0537371786070768,16.967176663882857
163,301,1.0261603538919022,0.01622639054272246,30.039872852086628
163,304,1.0222544332711538,0.019371324342689237,2.0348192850264586
163,302,1.0444229197454775,0.014030044990712608,3.1361917602624088
163,305,1.0109219690019873,0.044259548678298045,20.173719403165457
163,303,1.0134771464792593,0.03683073431151472,24.840328639329503
164,202,1.013141309446701,0.06028944366933584,15.62197415084081
164,201,1.0109245477727034,0.039499213312711494,19.486227544132834
164,301,1.0310314055153311,0.02943562215072021,29.17162582288565
164,302,1.031886990595966,0.012887983545729939,16.82054855261283
164,305,1.0132604594361605,0.042340253007592143,23.33386102646345
164,303,1.0167860599626728,0.0280647470267906,28.002059903564678
165,201,1.1078078183380224,0.046409522850300526,5.714050398749906
165,301,1.0376281106335703,0.0497852918584998,4.028353177139186
165,302,1.0205648970745085,0.06731139864420974,19.739682864838084
165,303,1.0479122497212858,0.009639770916995137,29.9153631744427
165,305,1.063085952858736,0.00993705697787603,29.697662883856008
166,201,1.086860091814164,0.009075811752531941,5.12931388132926
166,301,1.0599268573829583,0.026813588183547236,3.5504902480730514
166,302,1.055523735818071,0.010688653400707916,21.81438400717917
166,304,1.0727722138716458,0.014329041694281957,20.561526193972423
166,303,1.071490234614685,0.01068084114320401,23.838200930328888
166,305,1.0908331151317596,0.006130975696383719,15.755082630703097
166,401,1.080426428705271,0.005430774445690326,17.492655221242586
167,201,1.0648481840344988,0.022468417131290268,10.55289993306222
167,301,1.0605943512850868,0.011708249499726965,20.275844454773104
167,302,1.0670259303520961,0.0021289935892387737,13.770978523782356
167,304,1.0787809148276932,0.02123619148096529,11.271779384357007
167,305,1.096459724384255,0.02593255211348149,34.845424001384714
167,303,1.0738016859641926,0.013679567611548607,10.745274168576126
168,201,1.0611202326429077,0.028978355891954594,12.111209545456488
168,301,1.063114748915555,0.013945285048275597,21.109172634436703
168,302,1.071734909658895,0.003990818988752632,13.32709667979575
168,304,1.083657383715113,0.032045293983007705,37.32099700407789
168,305,1.0990062116994603,0.017729165345456425,33.55090768314033
168,303,1.0772997214364612,0.00753075220814137,32.19831834567542
168,401,1.0973062467071517,0.04858365671754969,24.631421789409615
169,201,1.0615208829480025,0.025471678693644938,10.30343087733327
169,301,1.059605088055085,0.0132407201496393,8.858017440931022
169,302,1.0642510720843534,0.005520204322141155,16.45309651088387
169,304,1.0780205304240704,0.029282400618930997,36.98667011105107
169,303,1.0731758101387203,0.012901875558813305,10.664893692338769
169,305,1.0943735892719373,0.019298511759734287,34.022392073809456
169,401,1.0917494418566807,0.010884889299236405,24.581209495981376
170,201,1.0586960544275748,0.024905731689793487,10.43321188470096
170,301,1.0605355624948294,0.009940269460606239,10.92214359575895
170,302,1.0658539021819566,0.0012542040356388227,18.571354250647055
170,304,1.0769895787819155,0.00629598494491917,21.05049017096162
170,303,1.0725202029922143,0.006554609007537331,30.717782198303613
170,305,1.0937461911457644,0.020123516114971925,33.12859930223811
170,401,1.089571452318806,0.012723608484811445,30.19789014366746
171,201,1.0658619154901516,0.015679487781620927,7.628832906684459
171,301,1.0504949862077944,0.02093764184583029,20.882828455717153
171,304,1.0709363300658576,0.0019973799319485093,1.9668742739796445
171,305,1.087010869762577,0.021560580633246083,35.59510429476067
171,303,1.0675025909308924,0.011795976474538549,14.00893431507524
171,401,1.0813455018703049,0.016562938354026172,29.21622425591827
172,201,1.0972422302181353,0.013302664288064535,11.31511824350177
172,301,1.0409668647104646,0.046229589285809794,12.880326766113864
172,305,1.0892064491562623,0.05372694051831364,44.644639118737125
172,303,1.0655277685951976,0.007526423015701398,5.557106356284296
188,202,1.0824382975221134,0.05036252515684904,15.555989506662927
188,201,1.0813992919777253,0.01990504914766674,18.87458088454736
188,301,1.0690307548367386,0.04184597984369318,7.46889889194306
188,303,1.0855815112008036,0.004752510743417085,36.209222004372286
189,202,1.1798367351476824,0.049356154768434024,13.497624068132115
189,201,1.0566073076654057,0.049250489018798256,13.202513835870695
189,301,1.0834240281512821,0.039949290204723494,4.677055939467829
189,302,1.096727859244357,0.011644120200253944,11.398264720794106
189,305,1.1017136074836908,0.02176021940491957,13.645726143729954
189,303,1.0856055184842337,0.008118668970281814,14.896745913424015
189,401,1.0957541566733473,0.02551151130187492,6.090599782700528
190,202,1.1874627475046229,0.02447333805380403,9.884163347157433
190,201,1.1208567983269149,0.016120982415429353,5.166714852954508
190,301,1.129130209738386,0.007450600680306968,9.105255231857425
190,302,1.1369613375589143,0.024547528675549907,18.26270034833579
190,304,1.1309159900700068,0.02838862694927818,22.802476352640753
190,303,1.1297030067594422,0.017677533692129856,15.720444525402884
190,305,1.1321607985195399,0.022131670537674033,21.397720458387614
190,401,1.1282689525735112,0.025854184392320633,18.677761838795185
191,202,1.221486057718294,0.023469517137176113,9.109665613594506
191,201,1.1581734084432787,0.01688191448580217,5.836384073410682
191,301,1.167434153308656,0.008241095175384414,7.4266359750436814
191,302,1.1785273245385846,0.00983345509544317,23.154534502602427
191,305,1.1602882731527484,0.013540558062370572,15.8260086695393
191,304,1.1644431163281814,0.006622287126320125,12.60857343237471
191,303,1.1622426656228255,0.01234058070644778,20.798309025982817
191,401,1.1621643632399818,0.017435507235259384,16.512940739367558
192,202,1.2842013191305341,0.042887571551850454,12.156562222852832
192,201,1.2018237940185363,0.01566603342261899,6.791397369266809
192,301,1.2120852919698428,0.009878647798450225,5.5117939812727315
192,303,1.2102074469375284,0.04171533543172505,25.330192837086074
192,305,1.2227418874398595,0.01768365537392509,17.533467500517975
192,402,1.2147552902153127,0.009304663183916134,10.76332265469122
193,202,1.2600451320079549,0.03070106017248851,2.779883807009662
193,201,1.2396262981623365,0.027732319595583747,6.469239178675705
193,301,1.2474726142813293,0.018359690288379565,13.550796637818856
193,302,1.2601627062674867,0.015069391551475316,25.431338061740483
193,303,1.2535261363653116,0.024165443578603195,20.886839085677188
193,305,1.2712826683298124,0.008419945781725167,13.243876767472434
194,202,1.301204193390612,0.028399595905415714,3.773894630045751
194,201,1.280266720304997,0.03030867826885927,6.410815162276527
194,301,1.2891218817423131,0.02416231021666101,10.740315220912073
194,304,1.29690560629122,0.017605602907459727,11.765706004795591
194,302,1.2999818103269398,0.02860739333962797,3.8511516201739844
194,303,1.2947101630353333,0.0024395314120304744,14.804307805165394
194,305,1.3064127859182628,0.018547538096696292,16.23169774874205
195,202,1.2787767925148879,0.06978987232587354,15.287269482890137
195,201,1.2735303013716106,0.05796405669554036,17.207598313613204
195,301,1.297477221931551,0.04493531677476199,24.025035800513308
195,302,1.3177253490088396,0.005022661042401143,9.075829653557433
195,303,1.316073261212015,0.02460009245163333,29.26843037929673
196,201,1.3231700923942682,0.04836177057410857,8.422328164455195
196,202,1.350375110452835,0.035224504444517274,6.167411040515039
196,301,1.346260630824282,0.022576397012177864,15.248708451817349
196,303,1.351232365571024,0.03953882691146788,26.995815470392575
196,305,1.3596633152926236,0.02461837608617782,15.584094063556732
196,302,1.363322731442869,0.010314832378254821,10.460391075153327
197,201,1.3415884958291855,0.051811614922403236,6.327764916808435
197,202,1.4374916341450161,0.027240771080729427,8.0031365741639
197,301,1.3677535765009545,0.025524118394034925,16.477177378671833
197,302,1.38766296978753,0.009506558780789152,8.179528453717516
197,303,1.3713053253555547,0.035989642293590515,29.599385227022506
197,304,1.3757157648137306,0.014613875513575493,12.110348365997115
197,305,1.377611426517787,0.015252318434496686,26.59843510436894
198,202,1.376569693446059,0.04042711422470163,5.396176916502465
198,201,1.3518505989182619,0.04777096122922213,7.396798574894782
198,301,1.3788214211707674,0.02002520609125904,9.617969700964176
198,303,1.3763163819228479,0.04001196771782111,28.892000165770185
198,305,1.3808785634807663,0.019567186714110976,24.71424442592719
199,202,1.3910284276719618,0.0339064881159104,7.273892795082517
199,201,1.370855872134028,0.03538658441916108,6.69543775633694
199,301,1.3888508613473771,0.017488377527621432,6.803591352172144
199,302,1.400754931852943,0.036982328309351935,17.808735362236604
199,303,1.3820265624099881,0.008538296620171812,19.344811135972186
199,305,1.386907432233634,0.0219904733556818,10.964109998743938
200,202,1.4723139832068046,0.04444942763623793,10.053641025960447
200,201,1.3683569826473656,0.03753277882006421,9.03418163878999
200,301,1.3859768092011187,0.02779311689715842,23.132697429535252
200,303,1.3807908989153321,0.01414710426331173,21.121701062433367
200,305,1.383356196399152,0.022206511995305326,22.997698047243027
201,202,1.4767401114363068,0.048099310823642986,11.814352122617409
201,201,1.3575491689750834,0.04738107989171041,11.08640833932585
201,301,1.3830600560707271,0.025357885013497995,8.102735374050804
201,305,1.3814880299719843,0.012547607337206015,11.117668228086306
201,303,1.375880012195444,0.004975281469623074,19.898686967519133
202,202,1.4628442750164812,0.03319641760256185,7.365565397124412
202,201,1.3730343869178834,0.03193151683047103,14.62237707115668
202,301,1.3917333320867666,0.02856910137182943,24.584484753559497
202,302,1.404626559510011,0.04526376798375562,30.148103620902763
202,303,1.381305598636566,0.050193828097863644,2.796632854156999
203,202,1.3411987905333047,0.07338187711482803,24.524486813932253
203,201,1.361915512864487,0.02145080934580362,24.70175147365842
203,301,1.369645135587429,0.023286588807537152,37.178074621801336
204,201,1.3761075838246835,0.03906426876843277,24.172981092933032
204,301,1.3672632603474866,0.08891251412559065,11.888543193715645
204,305,1.425285676282309,0.009234012418190368,27.229456585325405
204,303,1.3953649220774678,0.06931988148990167,24.37963137204362
205,201,1.3849384558453013,0.03285176054139182,7.440057614277309
205,301,1.4045177431144371,0.0020096188612288074,18.31811205326638
205,305,1.4271176669655001,0.02848871733567807,23.43556361221075
205,303,1.3841693849829262,0.024712206003663438,19.282647678238387
206,201,1.4282929771009154,0.02492205761046139,8.483477348945465
206,301,1.4209432609983552,0.021928335203420437,15.202066229343679
206,303,1.3824846696462272,0.013876408895769006,17.888418184648383
207,201,1.4158941373746354,0.0031314274343027105,15.023793118031385
207,301,1.3831849808325412,0.002923524528532825,26.6644193411395
207,305,1.3749712097908409,0.04495402644120364,4.621235569687566
207,303,1.3860967380901863,0.04298596034882174,16.285890720528236
208,201,1.3800345706479071,0.031573235211502036,12.928003034269851
208,301,1.385905868475769,0.014132105257992533,12.599652251506305
208,303,1.39817345078302,0.0342589198516255,21.253033113977207
208,305,1.3844916383091903,0.02070985333888087,19.82872621134068
209,201,1.4287616593044103,0.01591157311548897,17.772968293873745
209,301,1.378409950534443,0.029675713275040774,18.358295449185423
209,303,1.3839358893056535,0.022920380472582703,6.572999421337719
209,305,1.3720897042730469,0.04719258938165011,9.080659362384496
210,201,1.4176784435326362,0.007240222033289147,11.79394206176725
210,301,1.4158121386482954,0.01370671055686525,8.044414106702613
210,303,1.3767474293534032,0.03806374587958312,9.614388309741214
223,202,1.6054499364447756,0.07243350009318357,7.838285934509592
223,201,1.4319379193723223,0.06664433538515466,23.710726363666772
223,301,1.4747740750718838,0.020381779361935706,39.22571686282695
223,305,1.4983247655783751,0.025347251879061967,5.912683597031587
224,201,1.5172578689884517,0.03806400932301109,9.781936271063742
224,202,1.6056375754910206,0.015245212595534626,3.507032329827819
224,301,1.5458089426056176,0.03760775284155063,9.087916545165578
224,303,1.545177626725288,0.05589271284407138,12.987812197702299
224,305,1.5641359307928264,0.04630299307027911,6.509653237042807
224,304,1.5527415422138504,0.054869913440667537,13.15583945143522
225,201,1.6168127641512728,0.012174819086248784,6.505010883327168
225,202,1.6051761441306183,0.04302867776607863,7.002433519547293
225,301,1.6113541916649097,0.011350772016062835,21.312921143645525
226,202,1.6858230512954664,0.010465085243591288,5.233861527811804
226,201,1.6202725114566723,0.033700217133579624,5.3857287069030395
226,301,1.6433204427079686,0.014925821421998543,5.76697997311767
226,303,1.6350629152522629,0.014472174560804194,14.30271779349357
226,305,1.6311610730346073,0.019461434211676374,14.969929247587979
227,202,1.720207302270884,0.0040647340717201415,4.878988155095926
227,201,1.6761122628263057,0.022968003605948528,2.9241467590942887
227,301,1.6907764848544522,0.003394327090592361,6.359689570728406
227,303,1.6841315217622292,0.030100760177711124,18.815691740297783
228,202,1.8074607054410374,0.05792703747681154,13.00559485574656
228,201,1.6999202723921782,0.035144525028900926,6.225051309267468
228,301,1.7301073271449332,0.043114111739862855,23.0609202573603
229,201,1.6904680445477789,0.06857392632563752,9.38408443694923
229,202,1.829519561930903,0.05671651127740459,9.558351852710999
229,301,1.7418009935621852,0.02787350820432099,16.368020835527485
229,303,1.7404242197509805,0.05366212022670472,30.098465672334946
230,201,1.709254906549158,0.05807273849955424,7.47295556618039
230,202,1.8223641651713587,0.037046928306145865,8.712974351120534
230,301,1.7506068372153336,0.01515469403840822,21.735302483898064
230,303,1.7448767234301208,0.021127761008679965,16.440499224679613
230,305,1.7430795319349872,0.01791026728795435,23.930921810319244
231,201,1.7336768524823458,0.03202302965229571,3.527127748488439
231,202,1.8132245268469342,0.023520380507227143,8.229134476172547
231,301,1.7614773885346309,0.02557587960316122,21.08807203982585
231,303,1.7529679745638087,0.06676337446889878,26.270173833871524
232,201,1.726142099503555,0.03424633182580007,5.546763249819868
232,202,1.8075404187581539,0.02555325394442633,7.380140101741427
232,301,1.7546615424754761,0.011420567480024867,16.884261509499144
232,303,1.7533171798050342,0.024652515236861697,19.096362122956812
233,201,1.7437256517331752,0.01855849193753888,10.026265788381243
233,202,1.8022101264471815,0.01233692641205757,10.168060330548496
233,301,1.7606800131602658,0.0010247004218465452,16.90484737631692
233,303,1.7532324096661125,0.06713898710042039,25.125781522349513
234,201,1.7527644699298637,0.014448856215810062,5.402698371799547
234,202,1.7948220657846865,0.012648286149452063,9.498192210723927
234,301,1.7563333990109387,0.014664893742937321,23.366013805889818
234,303,1.750889018530473,0.017818424303247312,19.632648334605005
235,202,1.8161093043512881,0.024859646051751866,4.024130023884656
235,201,1.7302229682620498,0.04717175359885522,11.363210385704747
235,301,1.7589058955683265,0.025775690580350653,16.042334681314525
235,302,1.7693148663685003,0.02231356047872679,22.08634551023035
235,305,1.7477162247503049,0.03181542678993557,20.318350355179835
235,303,1.7477230120382203,0.07147061046845354,12.731060688876907
236,202,1.7568369745261072,0.03003920184920261,19.797911273902493
236,201,1.7308511195824554,0.031792835685750316,23.116541323609287
236,301,1.7449527532222247,0.050054414138599755,7.455681609307665
238,202,1.8596713802127756,0.07205316465465426,13.55616110405958
238,201,1.744698240883993,0.031075884998128536,21.63033519814195
238,301,1.7547230181562934,0.05310077201992661,28.964637582254117
238,303,1.7356697324476886,0.08236090756081411,30.4964464067758
240,201,1.8322036660460979,0.02663106927984103,17.15166259510676
240,301,1.8093259659164223,0.006929046367742793,7.529208221119638
240,303,1.76990762815487,0.02888505371768445,26.16585824487664
241,201,1.8200314118046668,0.018494276481810335,13.498652653166937
241,301,1.77701318177274,0.020895550941551978,12.31495590058138
241,303,1.763038437819714,0.06851633134719545,21.422701225044293
257,202,1.8429321219423545,0.019060347805224757,17.772742411330572
257,201,1.8465463314530575,0.015774444530887794,16.84466354662259
257,301,1.8149259381142169,0.06639329291407356,24.692376677746207
258,202,1.8294422452334869,0.0750565184939686,15.977072350808266
258,201,1.889503019258523,0.022959855121324018,14.949839070374418
258,301,1.8596020479651425,0.05425677631733103,13.478173678606954
259,202,1.9652996370333367,0.024063639299132987,5.406909536096702
259,201,1.8839837417784662,0.01634992750297442,14.335244730422149
259,301,1.8919706367075133,0.050923657933116075,11.887916323590309
259,303,1.911825588778549,0.002510433944244815,22.651292762666717
260,201,1.9840596634971064,0.037797077656638166,1.469664277047403
260,202,2.01186751133106,0.02019630886514847,14.540920459686301
260,301,1.9590146287189218,0.004726196558666933,17.552088747867867
263,202,2.126314561395626,0.00907345617530244,23.86609676634937
263,201,2.108228640579386,0.02007762368483117,7.31962325956763
263,301,2.0905961308905874,0.002149375211390237,22.63741712516159
264,202,2.187381546018599,0.05198022449413571,30.91583460847209
264,201,2.1451749503408357,0.03791898830937337,23.106910389482543
264,301,2.116690586607523,0.05507477135849477,23.99177919878887
265,201,2.1174541523315074,0.022017756489144284,14.640861757252141
265,202,2.19468260900546,0.030907254906204763,17.050418373992933
265,301,2.138836956863479,0.01617288529177547,17.8748928907325
266,201,2.2310104984329864,0.07608943483511836,30.080265439674704
266,202,2.178382381392642,0.005217210643794596,5.310877630679331
266,301,2.1555768330479195,0.042016370439567345,26.65861580742714
267,202,2.1999785935144764,0.0034883162274660087,6.8320238230672485
267,201,2.1927580972547682,0.019185470441712968,19.385477801706447
267,303,2.1547530393338175,0.013080729435620603,12.255601542582244
268,202,2.2319294808818557,0.0243194673341893,22.172389638158414
268,201,2.2614831311586157,0.08497078059337276,14.287257731236977
268,301,2.185726026518901,0.07414123145088167,30.29917258130423
269,202,2.2286385053928837,0.010446058010385416,18.81273527058638
269,201,2.18739975727675,0.008103651383975856,3.9793448163027385
269,301,2.187168698706411,0.0032330016319732395,20.599178462923675
270,202,2.1885748768355247,0.018635936350868177,3.404887707020741
270,201,2.2559791964657454,0.07744828937408027,24.557871977104075
270,301,2.1856919246821476,0.0067906443124114224,25.547853532842577
272,202,2.225010790828711,0.005184813785653606,16.978860133928578
272,201,2.2035855268967492,0.003152050118202007,11.179971505629728
272,301,2.1865000704267556,0.06702126639924054,22.48338118229205
293,202,2.3068571868587435,0.05046874751078552,18.83199283609553
293,201,2.3345422765254122,0.031630950115394296,8.51480804232489
293,301,2.3105548082498713,0.07172981790284982,22.503973491244125
294,202,2.376051209551139,0.025584523699821914,7.372251917367551
294,201,2.3746858563953794,0.0036302408555115772,3.5324479263943145
294,301,2.3744347879137364,0.09299181459861007,20.738601536243014
295,202,2.453007885944498,0.005110073452485984,4.501986827038172
295,201,2.4946498078727855,0.07431087089637832,21.218384160145746
295,301,2.42575535322273,0.006193854026202514,15.63236158786555
296,202,2.5002671654914526,0.013933714239335747,3.9721068135410618
296,201,2.5542793867702605,0.06536786452632326,11.314220046537983
296,301,2.48607538483631,0.03801520518644632,4.121126885045311
297,202,2.5356376717258597,0.018058745018005754,30.989693499763415
297,201,2.5635452429039085,0.023034833938327472,10.872427990742251
297,301,2.5453927658766227,0.06642235752251598,26.10444984501574
298,202,2.6105934860886006,0.009824896718074733,13.419754769112302
298,201,2.593650355948715,0.01554670106644208,4.780691092662742
298,301,2.578660441570918,0.05656802665127216,14.833597832713718
304,202,2.6308010709281695,0.004413910951933642,24.173787757508894
304,201,2.6834208379599334,0.08334777216800314,10.487069063287008
304,301,2.5903604201415034,0.021346285791174865,20.67205533878723
307,202,2.6568389381284603,0.011345992691155143,31.117562283477522
307,201,2.5116838981092378,0.13062197649431778,15.236192032952951
307,301,2.5649587126216007,0.1466307827436312,7.496276780672685
323,202,2.8165637361341282,0.021731946437461194,17.529731952309824
323,201,2.835041859305532,0.06571995199873215,12.625401958616607
323,301,2.7665875107068785,0.03496923420682276,24.40987175808242
324,202,2.8446866180431236,0.005311234607682622,15.356427430180954
324,201,2.850437774485019,0.02947744531940817,6.33539557145706
324,301,2.823394366812374,0.060343531392262444,11.396867980087437
331,201,3.0417325815762672,0.024079307074695636,4.8561866827033375
331,202,3.0362979731779296,0.03425385994576552,4.17314962848143
331,301,3.040568031916689,0.09209547161423001,7.633212918984175
